,Encoding Dataset,Test Set R Squared
2,LABL000003,0.7566197859459602
3,LABL000004,0.7542195321215678
4,LABL000005,0.7541296631840604
1,LABL000002,0.7529747710558975
0,LABL000001,0.7518400084874142
