,Encoding Dataset,Test Set R Squared
1,ARGP820101,0.8300108444129831
0,ANDN920101,0.8231166423158461
3,ARGP820103,0.820454661619431
2,ARGP820102,0.8196792076542898
4,BEGF750101,0.7763068957292645
