,Encoding Dataset,Test Set R Squared
0,LABL000001,0.6931934269082904
1,LABL000002,0.7136158617101522
2,LABL000003,0.7136158617101522
3,LABL000004,0.7136158617101522
4,LABL000005,0.7136158617101522
