,Encoding Dataset,Test Set R Squared
3,ARGP820103,0.795543196691916
2,ARGP820102,0.793529847106859
0,ANDN920101,0.7841507286868594
4,BEGF750101,0.7512037736113177
1,ARGP820101,0.7497367053691637
