,Encoding Dataset,Test Set R Squared
4,LABL000005,0.7607260468778595
0,LABL000001,0.7488442009938144
1,LABL000002,0.7046949187304014
2,LABL000003,0.688101828547429
3,LABL000004,0.674086536647581
