,Encoding Dataset,Test Set R Squared
4,BEGF750101,0.75757573998241
2,ARGP820102,0.7245194200074714
3,ARGP820103,0.722337188697346
0,ANDN920101,0.7148996025642139
1,ARGP820101,0.6770519382596618
